"";"classe 1";"classe 2";"classe 3"
"révolution";0,544;0,089;0,078
"p";0,051;0,01;0
"article";0;0;0,161
"premier";0;0,588;0
"état";0;0;0,032
"politique";0,01;0,006;0
"français";0,227;0,007;0,487
"grand";0,434;0;0
"guerre";0;0;0
"france";0;0,928;0
"the";0,402;0,112;0,779
"siècle";0;0;0
"partir";0;0,702;0
"pari";0;0,201;0
"revolution";0,607;0,929;0,574
"industriel";0;0;0
"histoire";0,664;0;0,003
"social";0;0,005;0
"monde";0;0;0
"américain";0,744;0,245;0,63
"année";0;0,223;0
"ligne";0;0;0
"gouvernement";0;0;0
"prendre";0;0,352;0
"pays";0,289;0,076;0,024
"nouveau";0,011;0,07;0,22
"unir";0,009;0;0,808
"voir";0;0,396;0
"mettre";0,79;0,02;0,063
"mouvement";0;0,355;0
"janvier";0;0;0
"révolutionnaire";0;0;0
"société";0;0;0
"jean";0,643;0,906;0,712
"travail";0;0;0
"consulter";0;0;0
"of";0,541;0,815;0,664
"liésportail";0;0,006;0
"armée";0;0,045;0
"numérique";0;0;0
"février";0,001;0;0
"fin";0,849;0,049;0,123
"régime";0;0,004;0
"isbn";0,286;0,452;0,12
"économique";0;0,003;0
"note";0;0,029;0,043
"permettre";0;0;0
"lire";0,003;0;0
"technique";0;0;0
"avril";0;0;0
"république";0;0,01;0
"octobre";0;0,357;0
"national";0;0,053;0
"édition";0,883;0,375;0,45
"mars";0;0;0
"tunisie";0;0;0
"septembre";0;0,086;0
"mai";0;0;0
"john";0,975;0,005;0,048
"droit";0;0,184;0
"ouvrier";0;0;0,717
"jacques";0,535;0,893;0,609
"agricole";0;0;0
"loi";0;0,001;0
"début";0,861;0,011;0,115
"place";0,907;0,195;0,314
"économie";0;0;0
"homme";0,067;0,416;0,019
"général";0;0,065;0
"ancien";0,642;0;0
"juin";0;0,002;0
"femme";0,755;0,455;0,413
"europe";0,009;0,048;0
"mort";0;0,166;0
"jour";0,579;0;0
"agriculture";0;0;0
"président";0,739;0;0
"juillet";0;0,058;0
"devenir";0,35;0,002;0,227
"force";0;0,756;0
"vie";0;0,389;0
"public";0,12;0,237;0,486
"production";0;0;0
"communiste";0;0;0
"populaire";0;0,249;0
"culturel";0;0;0
"lennon";0;0,046;0,001
"and";0,725;0,739;0,568
"xixe";0;0;0
"décembre";0;0;0
"nouvelle";0,665;0,072;0,414
"population";0,205;0;0
"rester";0,334;0,108;0,041
"nombreux";0,137;0,033;0,004
"russe";0;0,001;0
"notamment";0;0,735;0
"britannique";0,711;0;0,024
"partie";0,549;0,273;0,863
"cit";0,151;0,328;0,47
"op";0,054;0,372;0,209
"science";0;0,012;0
"projet";0,54;0,968;0,57
"novembre";0;0;0
"machine";0;0;0
"utiliser";0;0,127;0
"rouge";0;0,001;0
"russie";0;0,001;0,049
"développement";0;0;0
"publier";0;0;0,373
"important";0,013;0,007;0
"effet";0;0;0
"civil";0;0,407;0
"également";0,07;0,679;0,041
"référence";0,006;0,801;0,004
"livre";0,012;0,024;0,372
"ali";0;0;0
"manifestation";0,431;0;0
"considérer";0,028;0;0
"tunisien";0;0;0
"août";0;0,992;0
"terre";0,003;0;0
"liberté";0,001;0,154;0,021
"fois";0,005;0,079;0,132
"peuple";0;0,389;0
"idée";0;0;0
"ministre";0,003;0;0
"ville";0,001;0,537;0
"détaillé";0,028;0,948;0,037
"beatles";0,411;0,082;0,689
"suite";0,136;0,152;0,015
"créer";0,643;0,004;0,014
"portail";0,313;0,801;0,419
"révolte";0,117;0;0
"mao";0;0;0
"dernier";0,105;0,325;0,024
"système";0;0;0
"temps";0,764;0,186;0,536
"sexuel";0,004;0,158;0,063
"époque";0;0;0
"élection";0,001;0;0
"international";0,519;0;0
"assemblée";0;0,135;0
"industrie";0;0,002;0
"aller";0,085;0,039;0,805
"passer";0,025;0,262;0,003
"donner";0,332;0,106;0,867
"connaître";0,003;0,003;0
"seul";0,056;0;0,422
"groupe";0,003;0,858;0,005
"constitution";0;0,337;0
"recherche";0,001;0,023;0
"constituer";0,013;0;0
"pierre";0,392;0,2;0,086
"humain";0;0,008;0
"version";0,518;0,755;0,399
"rapport";0,002;0,002;0
"lieu";0,957;0,659;0,721
"critique";0;0,681;0,001
"jeune";0,005;0,001;0
"québec";0;0,284;0
"paul";0,699;0,903;0,77
"nombre";0,137;0,346;0,425
"rendre";0,748;0,031;0,241
"parser";0,211;0,638;0,123
"output";0,211;0,638;0,123
"ordre";0;0,067;0
"mw";0,211;0,638;0,123
"crise";0,005;0,651;0,002
"exemple";0;0,064;0
"événement";0;0,14;0
"organisation";0,235;0,906;0,283
"louis";0;0,004;0,007
"face";0,002;0,318;0
"coup";0;0,347;0
"allemagne";0,902;0,088;0,195
"réforme";0;0,301;0,002
"traiter";0,959;0,001;0,029
"question";0,02;0,049;0
"long";0,039;0,266;0,005
"chinois";0;0,001;0
"paysan";0;0;0,154
"libre";0,616;0,218;0,182
"chanson";0,37;0,083;0,039
"part";0,003;0,03;0
"moyen";0;0,002;0
"i";0,211;0,347;0,57
"fr";0,009;0;0,001
"action";0;0,313;0
"blanc";0;0,027;0
"presse";0,002;0,008;0
"no";0,772;0;0,026
"bolchevik";0;0;0
"période";0,195;0,001;0,279
"progrès";0;0;0
"lien";0,002;0,061;0
"michel";0,563;0,788;0,455
"fer";0;0,001;0
"développer";0;0;0
"comité";0;0,269;0
"titre";0,81;0,18;0,49
"ellul";0;0,003;0
"saint";0,935;0,027;0,15
"roi";0;0;0
"appeler";0,175;0,091;0,013
"raison";0;0,053;0
"bretagne";0,056;0;0
"françois";0,237;0,533;0,472
"chine";0;0,006;0
"xviiie";0;0;0
"processus";0;0,003;0
"évolution";0;0,001;0
"new";0,142;0,018;0,002
"libéral";0;0,004;0,023
"forme";0,024;0,009;0
"campagne";0;0,004;0
"classe";0,484;0,002;0,158
"bataille";0;0,121;0
"suivre";0,001;0,479;0
"rôle";0,024;0,587;0,068
"commencer";0,597;0,592;0,885
"affaire";0,104;0;0
"industrialisation";0;0;0
"cours";0,177;0,872;0,229
"trouver";0,056;0,003;0,868
"principal";0,15;0,147;0,687
"internet";0;0,781;0
"com";0;0;0
"colonie";0,269;0;0,145
"changement";0,009;0,016;0
"anglais";0,008;0,002;0
"soutenir";0,001;0,587;0
"petit";0,572;0,006;0,179
"information";0;0,003;0,053
"européen";0;0;0,266
"commun";0;0,009;0,003
"ouvrage";0;0,18;0
"cas";0,663;0,191;0,634
"écrire";0,134;0,03;0,967
"mondial";0,028;0,02;0
"marx";0;0;0
"historique";0,008;0,727;0,005
"scientifique";0;0,004;0
"mois";0;0,003;0
"membre";0;0,003;0
"militaire";0;0,019;0
"enfant";0,001;0,013;0
"cause";0,029;0,99;0,032
"angleterre";0;0,148;0
"royaume";0,095;0,005;0
"origine";0,635;0;0,003
"nécessaire";0,001;0,004;0
"lénine";0;0;0
"culture";0;0,084;0
"soviet";0;0;0
"provoquer";0,754;0,04;0,268
"nord";0,007;0,001;0
"nom";0;0,569;0
"george";0;0,821;0,001
"mesure";0,359;0,022;0,49
"empire";0,121;0,001;0,492
"conséquence";0,163;0,05;0,007
"agir";0,257;0,004;0,367
"vapeur";0;0,001;0
"marier";0,278;0,001;0,001
"historien";0,354;0,001;0,001
"violence";0;0,157;0
"organiser";0,015;0;0
"venir";0,484;0,969;0,513
"théorie";0,001;0,002;0
"situation";0;0,338;0
"lutte";0;0,799;0
"journal";0,348;0;0
"expression";0;0,245;0
"domaine";0;0,035;0
"xxe";0;0;0
"présenter";0,094;0,704;0,172
"lier";0;0,014;0
"galilée";0;0,433;0
"deuxième";0,851;0,959;0,827
"moderne";0;0;0
"terme";0;0,572;0
"démographique";0;0,002;0
"coll";0,8;0,291;0,63
"capitalisme";0;0,001;0
"autorité";0;0,248;0
"vert";0,002;0,05;0
"particulier";0,11;0,181;0,013
"congrès";0;0,01;0
"union";0;0,001;0
"encyclopédie";0,118;0,284;0,024
"transition";0;0;0,999
"terreur";0;0,017;0
"produire";0,003;0;0
"parler";0,007;0,521;0,031
"nation";0;0,002;0,053
"façon";0,001;0,003;0
"entreprise";0;0,027;0
"demander";0;0,491;0
"région";0;0,655;0
"opposition";0,031;0;0
"marquer";0,537;0,018;0,025
"ii";0;0,425;0
"ensemble";0,001;0,601;0
"communisme";0,002;0,005;0,309
"retour";0,578;0;0
"création";0,906;0,181;0,42
"réseau";0;0,459;0
"indépendance";0;0,018;0
"croissance";0;0;0
"étranger";0,009;0;0,002
"série";0,186;0,156;0,758
"police";0,821;0;0
"diriger";0;0,206;0
"vol";0,794;0,647;0,57
"single";0,018;0,087;0,263
"sentir";0,015;0,005;0
"plan";0,211;0,125;0,023
"opposer";0,001;0,419;0
"montrer";0,005;0,111;0
"esprit";0,153;0,002;0
"activité";0;0,08;0
"suivant";0;0,215;0
"org";0,261;0,01;0,488
"mener";0;0,885;0
"haut";0,79;0,994;0,799
"fonder";0,026;0,158;0,002
"conseil";0;0,001;0
"chute";0;0,419;0
"revue";0,883;0,103;0,205
"sortir";0,024;0,32;0,131
"oeuvre";0;0,001;0
"libération";0,181;0;0
"territoire";0,181;0,054;0,009
"marché";0;0,001;0
"financier";0;0,116;0
"etc";0;0,002;0
"déclarer";0,001;0,018;0
"contexte";0,112;0,321;0,026
"centre";0,001;0,983;0,001
"catégorie";0,118;0,031;0,003
"allemand";0,161;0,385;0,445
"tour";0,162;0;0,011
"saison";0,122;0,869;0,106
"robert";0,037;0,051;0,001
"principe";0,853;0,003;0,024
"manifestant";0;0;0
"majorité";0;0,007;0,012
"garder";0;0,521;0
"1er";0,06;0;0
"élément";0,019;0,011;0
"tunis";0;0;0
"source";0,005;0,352;0,001
"socialiste";0;0,254;0
"seuil";0,998;0,067;0,208
"milieu";0;0,208;0
"marc";0,613;0,932;0,581
"appel";0,254;0,001;0,267
"soviétique";0;0,015;0
"main";0,626;0,481;0,337
"journée";0;0,016;0
"décret";0;0,005;0
"convention";0;0,005;0
"bourgeoisie";0,134;0,001;0
"analyse";0,024;0,038;0
"thomas";0,062;0,003;0
"seulement";0,015;0,035;0
"revenir";0,725;0,254;0,658
"liste";0,005;0,405;0,029
"film";0,012;0,938;0,012
"document";0,312;0,473;0,625
"amérique";0,319;0,006;0,004
"provisoire";0;0,318;0
"heure";0,014;0,515;0,051
"connexe";0,004;0,069;0
"site";0;0;0,958
"royal";0;0,002;0,032
"procès";0,01;0;0
"estimer";0,725;0,01;0,154
"député";0;0,035;0
"contrôle";0,006;0,346;0,001
"chemin";0;0,001;0
"chef";0;0,521;0
"catholique";0,053;0,013;0,86
"auteur";0,001;0,511;0
"église";0,079;0,042;0,758
"éducation";0,015;0,016;0,476
"troupe";0;0,035;0
"section";0,861;0,639;0,879
"page";0;0;0,104
"nicolas";0,08;0,197;0,415
"naissance";0,136;0,004;0,001
"monarchie";0;0,003;0
"manifester";0,132;0,001;0
"intérieur";0,003;0,001;0
"informatique";0;0,005;0
"gauche";0;0,095;0
"base";0,777;0,074;0,131
"association";0,855;0,815;0,735
"réaliser";0,108;0,032;0,002
"puissance";0,028;0,006;0
"position";0,81;0,087;0,346
"législatif";0;0,001;0
"déclaration";0;0,062;0
"constitutionnel";0;0,002;0
"comprendre";0,189;0,399;0,063
"changer";0,722;0,087;0,127
"cadre";0,114;0,075;0,758
"valeur";0,094;0,029;0,002
"université";0,32;0,038;0,017
"traduction";0;0,027;0
"refuser";0;0,978;0
"philippe";0,115;0,812;0,09
"penser";0,053;0,207;0,006
"obtenir";0,655;0,207;0,664
"masse";0;0,032;0
"libéralisme";0;0,006;0
"expliquer";0,592;0,955;0,575
"doctrine";0,591;0,035;0,048
"w";0,628;0,425;0,938
"ul";0,628;0,425;0,938
"ukraine";0,062;0;0
"soutien";0,001;0;0
"r";0,478;0,067;0,568
"province";0;0,295;0,001
"margin";0,079;0,088;0,593
"interdire";0,001;0,581;0
"condition";0,004;0,399;0,001
"apparaître";0,019;0,012;0
"âge";0;0,022;0
"seconde";0,062;0,08;0,003
"karl";0,022;0,007;0
"différent";0,073;0,847;0,06
"contribuer";0,001;0,005;0
"travers";0,191;0,65;0,337
"répression";0;0,811;0
"martin";0,411;0,024;0,018
"manière";0,002;0,196;0,036
"jouer";0,652;0,398;0,307
"intervention";0,858;0,176;0,268
"grève";0,005;0;0
"entraîner";0,221;0,97;0,224
"courant";0,002;0,057;0
"bas";0,047;0,14;0,359
"albert";0,402;0,372;0,153
"affirmer";0,077;0,375;0,267
"adopter";0,001;0,041;0,083
"wikipédia";0,037;0,291;0,006
"vivre";0,332;0,352;0,113
"victime";0;0,245;0
"texte";0,028;0,609;0,074
"sud";0,353;0,425;0,723
"père";0,107;0,061;0,781
"pratique";0,079;0,193;0,009
"noir";0;0,035;0,006
"mccartney";0,173;0,49;0,072
"garde";0;0,003;0
"acte";0,477;0,608;0,735
"école";0,165;0,006;0,575
"text";0,599;0,254;0,783
"style";0,077;0,082;0,603
"représenter";0,014;0,017;0
"reconnaître";0,953;0,401;0,524
"occidental";0,083;0,053;0,723
"néolithique";0;0,005;0
"matière";0,001;0,022;0
"massacre";0;0,014;0
"découverte";0;0,032;0
"annonce";0,01;0;0
"usine";0;0,022;0
"sexualité";0,004;0,022;0
"ouvrir";0,008;0,641;0,004
"orange";0;0;0
"navigation";0,005;0,527;0,001
"former";0,003;0,257;0,038
"défendre";0,964;0,129;0,276
"contemporain";0,001;0,027;0
"conduire";0,607;0,399;0,28
"compte";0,298;0,452;0,621
"bourgeois";0,018;0,003;0,807
"bolchevique";0;0,003;0
"york";0,022;0,438;0,09
"tenter";0,001;0,014;0
"servir";0,344;0,003;0,268
"printemps";0;0,569;0
"paix";0;0,032;0
"ouest";0,012;0,316;0,082
"modèle";0;0,003;0
"lancer";0;0,297;0,002
"imposer";0,231;0,119;0,926
"famille";0,473;0,609;0,294
"dirigeant";0;0,481;0
"contenir";0,029;0,295;0,004
"citoyen";0;0,847;0,001
"act";0,163;0,01;0,684
"vote";0;0,368;0
"tenir";0;0,094;0
"sein";0,142;0,47;0,054
"privé";0;0,01;0
"parisien";0;0;0
"méthode";0;0,75;0
"lumière";0,001;0,074;0
"li";0,015;0,231;0,121
"dénoncer";0,544;0;0
"conflit";0;0,163;0
"condamner";0;0,197;0
"bibliographie";0,001;0,768;0,003
"établir";0,026;0,316;0,004
"voie";0,094;0,01;0,001
"victoire";0;0,728;0
"urss";0;0,083;0
"troisième";0,975;0,238;0,399
"religieux";0,12;0,049;0,875
"charles";0,576;0,039;0,378
"aide";0,007;0,217;0,001
"étude";0;0,414;0
"utilisation";0;0,094;0
"soldat";0;0,003;0
"provenir";0,29;0,543;0,542
"proposer";0,622;0,804;0,757
"mot";0,061;0,414;0,017
"millier";0,001;0;0
"https";0,449;0,034;0,47
"h";0;0,32;0,001
"gallimard";0,902;0,082;0,187
"colonial";0,832;0,004;0,072
"charbon";0;0,004;0
"usage";0;0,609;0
"second";0,36;0,511;0,179
"principalement";0,051;0,316;0,01
"press";0,628;0,512;0,356
"paraître";0,032;0,153;0,27
"moment";0,041;0,204;0,267
"londres";0,933;0,081;0,199
"idéologie";0,001;0,004;0
"désigner";0,356;0,012;0,009
"cacher";0,081;0,347;0,019
"but";0,092;0,042;0,812
"arrêter";0,002;0,08;0
"étudiant";0;0,173;0
"viktor";0;0;0
"succès";0,506;0,032;0,404
"structure";0;0,006;0
"réclamer";0,001;0,041;0
"réalité";0,093;0,387;0,026
"rural";0;0,005;0
"phénomène";0;0,041;0
"laisser";0;0,094;0,001
"claude";0;0,251;0
"attendre";0,165;0,053;0,985
"www";0;0;0
"universitaire";0,358;0,692;0,243
"tranquille";0;0,128;0,001
"sembler";0,005;0,728;0,012
"résultat";0,193;0,069;0,989
"reprendre";0,006;0,221;0
"présidentiel";0;0;0
"poste";0,581;0;0
"moteur";0;0,027;0
"maladie";0;0,007;0
"local";0,237;0,387;0,58
"iouchtchenko";0;0;0
"insurrection";0;0,013;0
"index";0,054;0,328;0,011
"décider";0;0,414;0
"épisode";0;0,95;0
"énergie";0;0,006;0
"simon";0,021;0,064;0
"programme";0;0,398;0
"proche";0,918;0;0
"participer";0;0,256;0,006
"intellectuel";0,942;0,012;0,072
"démocratie";0;0,121;0
"débat";0,276;0,863;0,239
"commerce";0;0,142;0
"collectif";0,026;0,061;0,001
"tentative";0;0,049;0,014
"réaction";0,298;0,044;0,016
"précédent";0,298;0,113;0,035
"nature";0,002;0,035;0
"inspirer";0,452;0,232;0,926
"image";0,007;0,582;0,024
"frédéric";0,002;0,596;0,001
"exister";0,196;0,131;0,021
"démocratique";0,192;0,004;0,001
"donnée";0,004;0,128;0
"côté";0,015;0,847;0,026
"capital";0;0,504;0
"assurer";0,975;0,722;0,783
"animal";0;0,014;0
"voix";0,008;0,469;0,002
"tête";0;0,379;0
"sujet";0;0,279;0,006
"php";0,116;0,035;0,938
"philosophie";0;0,01;0
"parole";0,508;0,005;0,19
"externe";0,622;0,197;0,683
"départ";0,136;0;0
"décrire";0;0,053;0
"date";0,092;0,553;0,041
"réf";0,001;0,472;0
"représentant";0;0,511;0
"propre";0,987;0,09;0,237
"prolétariat";0,276;0,007;0,003
"porter";0,918;0,863;0,985
"perspective";0,001;0,128;0
"naître";0,276;0,006;0,395
"invention";0;0,007;0
"innovation";0;0,006;0
"henri";0,001;0,014;0
"discours";0,499;0,001;0,092
"charger";0,064;0,344;0,014
"atteindre";0,36;0,816;0,294
"soulèvement";0;0,504;0
"reprise";0,441;0,014;0,015
"rapidement";0,047;0,596;0,118
"partisan";0,178;0,001;0
"parlement";0,845;0;0
"marque";0,073;0,816;0,113
"libérer";0,276;0,804;0,374
"jeunesse";0,001;0,351;0
"favoriser";0;0,064;0
"engager";0,015;0,049;0,309
"copernicien";0;0,02;0
"banque";0,081;0,018;0,942
"american";0,146;0,426;0,05
"acteur";0,622;0,688;0,839
"éd";0,362;0,009;0,36
"ère";0,003;0,197;0
"vidéo";0,018;0;0,759
"thèse";0,163;0,966;0,184
"siège";0,011;0;0
"ordinateur";0;0,008;0
"musique";0,599;0,291;0,216
"japon";0;0,016;0
"enregistrer";0,066;0,732;0,043
"défense";0,001;0,036;0
"concept";0,001;0,006;0
"ajouter";0,478;0,506;0,251
"xvi";0;0,966;0
"title";0,173;0,49;0,072
"sortie";0,073;0;0,034
"rupture";0,86;0,154;0,249
"représentation";0,004;0,128;0
"relation";0,738;0,916;0,8
"problème";0,242;0,07;0,911
"oldid";0,173;0,49;0,072
"nommer";0,025;0,009;0
"inventer";0;0,011;0
"fondateur";0,134;0,182;0,017
"désormais";0,432;0,064;0,041
"continuer";0,163;0;0,007
"commission";0,572;0;0
"capitale";0;0,579;0
"blessé";0,84;0;0
"afp";0;0;0
"émeute";0,002;0;0
"wikimedia";0,907;0,135;0,253
"ukrainien";0,048;0;0
"remplacer";0,087;0,197;0,011
"possible";0;0,459;0
"pensée";0,054;0,01;0
"niveau";0,029;0,565;0,012
"left";0,116;0;0,054
"joseph";0,571;0,061;0,46
"institution";0,176;0,008;0,002
"fournir";0,381;0,027;0,017
"diffuser";0,07;0,37;0,017
"dictature";0;0,775;0
"appuyer";0,045;0,022;0
"accord";0;0,319;0
"étendre";0,717;0,089;0,128
"électrique";0,005;0,061;0
"échec";0;0,214;0,001
"véritable";0,163;0,035;0,926
"viser";0,388;0,609;0,627
"service";0,163;0,351;0,475
"résistance";0;0,024;0
"objet";0,001;0,459;0
"inscrire";0,193;0,182;0,729
"front";0;0,197;0
"commercial";0;0,014;0
"technologie";0;0,214;0
"radical";0,007;0,013;0,378
"proclamer";0;0,648;0
"prix";0,237;0,099;0,022
"prison";0,163;0;0
"portugal";0;0,438;0
"monroe";0;0,122;0,007
"jeu";0,416;0,081;0,046
"influence";0,032;0,647;0,076
"importance";0,001;0,214;0
"finalement";0,025;0,182;0,21
"décision";0,011;0,673;0,006
"dictionnaire";0,455;0,655;0,301
"david";0,285;0,283;0,075
"constituant";0;0,459;0
"chose";0,19;0,319;0,557
"censure";0,015;0;0
"brevet";0;0,016;0
"augmentation";0;0,083;0
"annoncer";0,331;0;0,001
"tuer";0,008;0,011;0
"transformation";0;0,011;0
"tirer";0,762;0,427;0,8
"sommaire";0,861;0,565;0,571
"républicain";0;0,118;0
"répondre";0;0,251;0
"risque";0,023;0,528;0,008
"rapide";0,067;0,642;0,036
"poursuivre";0,962;0;0,004
"poser";0,001;0,042;0
"largement";0,04;0,821;0,032
"individu";0,001;0,01;0
"for";0,621;0,029;0,047
"favorable";0,926;0,039;0,13
"essai";0,449;0,869;0,534
"durée";0,975;0,031;0,13
"civilisation";0,02;0,284;0,003
"boston";0;0,022;0
"apparition";0,01;0,09;0
"afrique";0,001;0,049;0,057
"transformer";0,926;0,108;0,231
"total";0,975;0,089;0,229
"syndicat";0,004;0,315;0,001
"richard";0,292;0,238;0,066
"radio";0,408;0;0,048
"québécois";0,156;0,067;0,907
"propriété";0,518;0,024;0,353
"peur";0,145;0,153;0,664
"passage";0,005;0,405;0,001
"ouverture";0,669;0,153;0,57
"mode";0;0,035;0
"matériel";0;0,074;0
"james";0,001;0,067;0
"intérêt";0,244;0,128;0,932
"inde";0,073;0,026;0,001
"impact";0,007;0,108;0
"entendre";0,02;0,358;0,004
"direction";0,287;0,162;0,942
"contraire";0,675;0,108;0,13
"contester";0,085;0,248;0,378
"contestation";0,987;0,001;0,026
"combat";0;0,459;0,002
"champ";0,889;0,022;0,148
"align";0,806;0,163;0,47
"électricité";0;0,024;0
"supérieur";0,926;0,251;0,378
"souligner";0,085;0,815;0,13
"responsable";0,176;0,008;0,002
"qualité";0,034;0,067;0,001
"piste";0,277;0,328;0,084
"partager";0,416;0,473;0,199
"média";0;0;0,481
"mohamed";0;0;0
"macron";0;0;0,09
"habitant";0,337;0,272;0,091
"finir";0;0,14;0,004
"entrer";0,77;0,319;0,688
"disparaître";0,933;0,218;0,353
"dir";0,586;0,512;0,938
"affrontement";0,041;0;0
"émergence";0;0,042;0
"zedong";0;0,024;0
"technologique";0;0,018;0
"secteur";0;0,014;0
"robespierre";0;0,029;0
"protestation";0,934;0;0
"moitié";0,009;0,013;0
"mfa";0;0,015;0
"formation";0,238;0,295;0,062
"consacrer";0,675;0,039;0,067
"conception";0;0,015;0
"chercher";0,528;0,319;0,942
"avortement";0,794;0;0
"art";0,725;0,107;0,442
"arabe";0;0;0,121
"ami";0,008;0,812;0,006
"travailleur";0,669;0,153;0,57
"transport";0,009;0,013;0
"sécurité";0,632;0;0,048
"socialisme";0,288;0,067;0,82
"réel";0,081;0,97;0,085
"rue";0,407;0;0
"recevoir";0,244;0,295;0,681
"propriétaire";0,051;0,272;0,008
"profit";0;0,118;0
"produit";0;0,128;0
"mémoire";0,571;0,692;0,781
"géorgie";0,404;0;0
"girondin";0;0,031;0
"genre";0,449;0,414;0,862
"enquête";0,754;0;0
"don";0,7;0,459;0,376
"dominer";0,934;0,016;0,116
"destruction";0,645;0,232;0,203
"copernic";0;0,024;0
"contrôler";0,092;0,042;0,812
"contraception";0,002;0,456;0,013
"cinéma";0,015;0,097;0
"archive";0,551;0;0,001
"apporter";0,61;0,128;0,123
"accès";0,001;0,014;0,116
"accuser";0,176;0;0
"éviter";0,621;0,918;0,681
"zone";0,238;0,107;0,024
"violent";0,003;0,923;0,003
"trotski";0;0,014;0
"traduire";0;0,167;0
"souhaiter";0,889;0,438;0,69
"scène";0,088;0,95;0,106
"religion";0,332;0,015;0,464
"publication";0,044;0,812;0,073
"petrograd";0;0,02;0
"officiel";0,005;0,03;0
"objectif";0,012;0,918;0,018
"nouvel";0,238;0;0,003
"notion";0;0,014;0
"modifier";0,239;0,923;0,281
"ministère";0,828;0;0
"marcher";0;0,362;0
"justice";0,19;0;0
"juger";0,001;0,28;0
"installer";0,244;0,295;0,681
"humanité";0,01;0,167;0,001
"corps";0,621;0,295;0,81
"compagnie";0,118;0,031;0,003
"chronologie";0,008;0,692;0,021
"canada";0;0,31;0
"bande";0;0,801;0
"andré";0,255;0,543;0,127
"absence";0,002;0,659;0,007
"xviie";0;0,016;0
"tiers";0,014;0,024;0,399
"semaine";0,034;0;0
"secret";0,014;0,675;0,008
"pousser";0,391;0,812;0,318
"pilule";0;0,511;0
"personnalité";0,107;0,011;0,001
"pascal";0,174;0,575;0,087
"it";0,862;0,324;0,61
"henry";0,29;0,02;0,008
"fonction";0,408;0,692;0,281
"daniel";0,06;0;0,005
"conservateur";0,528;0,319;0,942
"conscience";0,654;0,081;0,101
"connaissance";0,009;0,034;0
"compter";0,313;0,361;0,108
"commons";0,123;0,685;0,075
"cité";0,143;0,157;0,016
"chrétien";0,001;0,081;0,057
"choisir";0,19;0,358;0,057
"augmenter";0,006;0,015;0
"améliorer";0,02;0,107;0,001
"volonté";0,288;0,183;0,907
"vide";0,806;0,587;0,893
"universel";0,441;0,016;0,367
"trouble";0,481;0;0,066
"tome";0,552;0,328;0,924
"susciter";0,794;0,608;0,92
"sidi";0;0;0
"réduire";0,061;0,374;0,015
"remettre";0,265;0,016;0,57
"présidence";0,005;0;0
"protéger";0,05;0,692;0,102
"posséder";0,353;0,029;0,016
"porte";0,722;0,03;0,066
"pape";0,006;0,006;0,455
"oclc";0,31;0,324;0,096
"occuper";0,071;0;0
"militant";0,008;0,011;0
"journaliste";0,145;0,003;0,001
"génération";0,292;0,089;0,028
"georges";0,276;0,559;0,511
"fédéral";0;0,2;0
"extérieur";0,343;0,153;0,057
"envoyer";0;0,061;0,008
"emmanuel";0;0;0,106
"eau";0;0,02;0
"disque";0,173;0,324;0,519
"direct";0,725;0,596;0,981
"céréale";0,001;0,022;0
"croissant";0,003;0,018;0
"conférence";0;0,95;0
"alain";0,234;0,311;0,064
"accepter";0,003;0,812;0,002
"washington";0;0,894;0
"vague";0,494;0,089;0,066
"sr";0;0,022;0
"quitter";0,722;0;0
"philadelphie";0;0,089;0,001
"perdre";0,124;0,511;0,297
"out";0,586;0,425;0,281
"léon";0,84;0,029;0,19
"jacobin";0;0,034;0
"is";0,907;0,016;0,076
"http";0;0;0,227
"history";0,8;0,291;0,63
"foule";0;0,151;0
"exprimer";0,896;0,039;0,195
"ennemi";0;0,074;0,001
"employé";0,008;0,081;0
"difficulté";0,889;0,2;0,455
"demeure";0,018;0,074;0
"composer";0,002;0,692;0,007
"code";0,183;0,95;0,211
"bouzid";0;0;0
"arriver";0;0,84;0
"appliquer";0,722;0,02;0,208
"émission";0,057;0,218;0,007
"urbain";0,613;0,034;0,335
"tension";0,156;0,096;0,012
"simple";0,494;0,026;0,028
"santé";0,001;0,211;0,013
"réunir";0,005;0,408;0,001
"près_de";0,889;0,438;0,69
"propagande";0;0,031;0,001
"plutôt";0,618;0,074;0,455
"percevoir";0,754;0,089;0,139
"opération";0;0,473;0
"opinion";0,975;0,007;0,066
"mécanique";0;0,02;0
"meilleur";0,001;0,284;0
"littérature";0,645;0,232;0,203
"guy";0,532;0,628;0,784
"fayard";0,935;0,372;0,593
"facteur";0,002;0,022;0
"essentiellement";0,239;0,081;0,019
"dépêcher";0;0;0
"définir";0,998;0,183;0,36
"disposer";0,933;0,218;0,353
"descartes";0;0,034;0
"critiquer";0,156;0,739;0,251
"couplet";0,002;0,11;0,065
"couleur";0,313;0,001;0,001
"construire";0,004;0,026;0
"communication";0,003;0,932;0,004
"communauté";0,494;0,026;0,028
"climat";0,007;0,103;0,13
"bilan";0,292;0;0
"actuel";0,052;0,596;0,024
"univers";0;0,042;0
"télévisé";0,012;0,48;0,05
"traditionnel";0,001;0,089;0
"rendement";0;0,026;0
"portugais";0;0,031;0,01
"philosophe";0;0,022;0
"particulièrement";0,057;0,218;0,007
"moscou";0;0,473;0
"mine";0;0,157;0
"milice";0;0,685;0
"michael";0,109;0,384;0,031
"majeur";0,001;0,438;0
"issue";0,014;0,473;0,057
"fils";0,979;0,165;0,327
"ferro";0,001;0,587;0,006
"faible";0,005;0,097;0
"fabriquer";0;0,284;0
"empêcher";0,618;0;0,002
"effort";0,124;0,089;0,747
"colon";0,005;0,024;0,231
"battre";0,014;0,002;0
"technicien";0;0,024;0
"répandre";0,004;0,089;0
"rejoindre";0,014;0,165;0,001
"profond";0,026;0,118;0,001
"multiplier";0,088;0,097;0,604
"monter";0;0,026;0,001
"marxiste";0,754;0,026;0,066
"mark";0,026;0,92;0,025
"list";0,116;0,425;0,038
"impliquer";0,009;0,118;0
"idéal";0,84;0,097;0,344
"frontière";0,023;0,511;0,078
"froid";0;0,029;0,007
"exécutif";0,001;0,018;0
"essor";0;0,031;0
"décennie";0,154;0,026;0,004
"division";0,093;0,029;0,002
"dissolution";0,169;0;0
"continental";0;0,034;0,014
"chanter";0,493;0,92;0,55
"centaine";0,023;0,003;0
"capitaliste";0,04;0,029;0
"besoin";0,154;0,026;0,004
"bateau";0;0,061;0
"atelier";0,003;0,034;0
"égalité";0;0,118;0,005
"web";0;0,469;0
"vf";0,586;0,425;0,281
"télévision";0,508;0,022;0,352
"textile";0,06;0,157;0,005
"suisse";0,026;0,525;0,085
"situer";0,581;0,552;0,344
"revanche";0,581;0,029;0,041
"retrouver";0,023;0,284;0,143
"renforcer";0,264;0,284;0,727
"qualifié";0,011;0,362;0,066
"pression";0,563;0;0,001
"pp";0,457;0,402;0,884
"olivier";0,003;0,675;0,008
"officier";0;0,029;0
"none";0,935;0,684;0,718
"mourir";0,861;0;0,019
"magazine";0;0;0,148
"libertaire";0,484;0,527;0,807
"lettre";0,601;0,038;0,052
"lent";0,005;0,15;0
"intervenir";0,094;0,31;0,352
"futur";0,313;0,801;0,419
"figure";0,858;0,99;0,855
"famine";0,014;0,029;0,376
"el";0;0;0
"directement";0,134;0,527;0,058
"concurrence";0,001;0,031;0
"concevoir";0,002;0,031;0
"clément";0,862;0,49;0,519
"central";0;0,026;0,001
"bénéficier";0,754;0,511;0,449
"arme";0;0,157;0,005
"alimentaire";0,015;0,097;0
"acier";0;0,055;0
"évoquer";0,238;0;0,027
"éthique";0;0,067;0
"travailler";0,003;0,173;0
"taux";0,004;0,055;0
"staline";0;0,061;0
"route";0,088;0,95;0,106
"richesse";0,001;0,031;0
"renverser";0,014;0,552;0,047
"rcd";0;0;0
"prévoir";0,008;0,275;0,001
"présentation";0,899;0,191;0,437
"protestant";0,292;0,157;0,046
"productivité";0;0,029;0
"prisonnier";0,001;0,039;0
"plante";0;0,034;0
"perte";0,34;0,029;0,562
"peine";0,002;0,284;0,027
"original";0,018;0,313;0,003
"newton";0;0,05;0
"métier";0;0,097;0
"montagnard";0;0,038;0
"liu";0;0,038;0
"japy";0;0,061;0
"issu";0,505;0,692;0,707
"indiquer";0,192;0,317;0,562
"importer";0,293;0,118;0,036
"idéologique";0,505;0,129;0,692
"fait";0,725;0,582;0,471
"entier";0,238;0,284;0,059
"doter";0,093;0,26;0,016
"divers";0,975;0,275;0,471
"difficile";0,067;0,932;0,085
"caractériser";0,015;0,26;0,002
"camp";0;0,042;0
"bloc";0;0,384;0
"anarchiste";0;0,042;0
"actif";0,725;0,596;0,981
"élire";0,001;0,869;0,001
"toucher";0,37;0,236;0,091
"symbole";0,087;0,199;0,435
"soir";0,293;0;0
"sociologie";0,001;0,543;0,006
"qualifier";0,067;0,236;0,335
"pétrole";0,005;0,061;0
"précis";0,235;0,37;0,076
"propos";0,734;0,003;0,09
"progressivement";0,238;0,107;0,024
"plein";0,854;0,135;0,227
"pdf";0,022;0;0,001
"parvenir";0,264;0,107;0,981
"occident";0,442;0,05;0,548
"minute";0,093;0,006;0,784
"marchand";0,016;0,142;0,001
"manufacture";0;0,038;0
"lin";0;0,482;0
"limite";0,118;0,107;0,009
"lever";0,1;0,806;0,077
"italie";0,287;0,339;0,707
"fondation";0,016;0,165;0,168
"financer";0,679;0,596;0,442
"fermer";0,06;0,596;0,143
"familial";0,819;0,801;0,693
"faction";0;0,034;0
"fabrication";0;0,038;0
"extrême";0;0,31;0,001
"expérience";0,679;0,031;0,059
"entrée";0,734;0,264;0,66
"enseignement";0,215;0,414;0,077
"démission";0,001;0;0
"domestication";0;0,055;0
"club";0;0,122;0,001
"clair";0,014;0,311;0,002
"bureau";0,063;0;0
"autoriser";0,063;0,869;0,055
"ampleur";0,238;0,03;0,727
"amener";0,024;0,129;0,251
"alexandre";0,181;0,575;0,36
"administration";0,199;0,083;0,014
"accorder";0,613;0,31;0,837
"abus";0;0;0,021
"électronique";0,005;0,061;0
"électoral";0,014;0,002;0
"économiste";0;0,038;0
"échange";0,002;0,404;0
"vincent";0,453;0,638;0,292
"vieux";0,215;0,042;0,842
"type";0,001;0,118;0
"sorte";0,067;0,31;0,013
"signer";0,024;0,469;0,007
"sexe";0,03;0,05;0,001
"roman";0,551;0,283;0,187
"rené";0,375;0,067;0,691
"relatif";0,016;0,142;0,001
"quotidien";0,613;0,642;0,863
"présent";0,362;0,478;0,691
"présence";0,667;0,011;0,031
"protection";0,819;0,741;0,996
"prague";0;0,37;0
"phase";0,022;0,157;0,001
"nuit";0;0,861;0
"nbc";0,265;0,191;0,047
"menace";0,705;0,37;0,325
"marxisme";0,017;0,21;0,002
"manquer";0,667;0,806;0,557
"interview";0,047;0,003;0,914
"fortement";0;0,118;0
"figaro";0;0;0
"exception";0,285;0,283;0,075
"enjeu";0,003;0,861;0,002
"effectuer";0,009;0,861;0,008
"département";0,001;0,861;0,002
"domestiquer";0;0,038;0
"distinguer";0;0,129;0
"denis";0,236;0,135;0,902
"danton";0;0,347;0
"contraceptif";0;0,046;0
"complexe";0,012;0,129;0
"commander";0,014;0,042;0,327
"coalition";0;0,256;0
"centrale";0,188;0,199;0,692
"bâtiment";0,199;0,932;0,19
"bernard";0,457;0,474;0,224
"attaquer";0;0,801;0
"anarchisme";0,285;0,794;0,39
"al";0,223;0;0,003
"2e";0,156;0,564;0,076
"élite";0;0,129;0,007
"ébauche";0,003;0,135;0
"xxie";0,002;0,384;0
"william";0,001;0,09;0
"vrai";0,411;0,11;0,058
"vaste";0,087;0,038;0,002
"utopie";0;0,061;0
"tourner";0,134;0,21;0,02
"tendance";0,358;0,129;0,052
"solution";0,063;0,339;0,251
"soleil";0,009;0,442;0,002
"sans_culotte";0;0,05;0
"réussir";0,287;0,129;0,992
"réserve";0,007;0,575;0,003
"rose";0,013;0;0
"renversement";0,001;0,05;0
"quatrième";0,375;0,067;0,691
"policier";0,001;0,199;0
"pièce";0,079;0,442;0,025
"philosophique";0;0,046;0
"nourriture";0,005;0,37;0,001
"naturel";0,002;0,046;0
"maître";0,215;0,142;0,846
"libre_échange";0,001;0,055;0
"juridique";0,667;0,142;0,554
"ingénieur";0,001;0,482;0
"fonctionner";0,001;0,173;0
"existence";0,112;0,042;0,003
"espagnol";0,234;0,442;0,53
"eric";0,079;0,684;0,153
"environnement";0;0,038;0
"détruire";0,442;0,442;0,827
"décisif";0,601;0,038;0,052
"domination";0;0,046;0
"dater";0,002;0,404;0
"cour";0,979;0;0
"concerner";0,143;0,404;0,046
"collection";0,116;0,425;0,038
"bouleversement";0;0,061;0
"berlin";0,001;0,806;0,001
"avènement";0,035;0,038;0
"asie";0,442;0,482;0,218
"amour";0,536;0,527;0,3
"acquérir";0,505;0,339;0,992
"abolition";0;0,042;0,031
"éclater";0,667;0;0
"révéler";0,231;0,02;0,66
"réprimer";0;0,745;0
"rédiger";0,001;0,37;0,011
"retirer";0,042;0,311;0,008
"relever";0,434;0,37;0,168
"profiter";0,235;0,142;0,03
"patriote";0;0,05;0
"patrick";0,231;0,19;0,039
"parlementaire";0,041;0,002;0
"pacifique";0,008;0,038;0
"outil";0,005;0,042;0
"offrir";0,134;0,21;0,02
"observateur";0;0;0
"numéro";0,484;0,219;0,127
"net";0,532;0,142;0,106
"montréal";0,006;0,638;0,003
"mobiliser";0,667;0,05;0,077
"misère";0,705;0,042;0,076
"mission";0;0,061;0
"maison";0;0,311;0
"limiter";0,404;0,37;0,846
"grave";0,001;0,142;0,031
"exécuter";0;0,042;0
"définition";0,143;0,046;0,005
"distribution";0,005;0,061;0
"deng";0;0,05;0
"debord";0,195;0,082;0,952
"corruption";0,005;0;0
"confédération";0;0,19;0,003
"clé";0,103;0,19;0,013
"clergé";0;0,061;0
"cesse";0,705;0,042;0,076
"caractère";0,235;0,142;0,03
"candidat";0,112;0;0
"canal";0,013;0,055;0
"application";0,727;0,05;0,313
"allié";0;0,482;0
"agraire";0,434;0,042;0,03
"évoluer";0,002;0,941;0,003
"étape";0,009;0,861;0,008
"émancipation";0,991;0,067;0,203
"élu";0;0,055;0
"élevé";0,007;0,157;0
"vision";0,001;0,527;0
"village";0,044;0,99;0,051
"tendre";0,07;0,009;0,968
"sang";0;0,173;0
"riche";0,143;0,157;0,016
"preuve";0,292;0,801;0,231
"nucléaire";0,025;0,082;0,327
"message";0,556;0,862;0,488
"massif";0,025;0,157;0,227
"inégalité";0,002;0,256;0
"investissement";0;0,046;0
"indépendant";0,07;0,02;0,001
"industrialisme";0;0,067;0
"généralement";0,007;0,157;0
"gouverneur";0,001;0,311;0
"ghannouchi";0;0;0
"gagner";0;0,05;0,002
"fédération";0;0,559;0
"espace";0,103;0,609;0,218
"dérouler";0,303;0,313;0,759
"déposer";0,622;0,311;0,827
"débuter";0,854;0,404;0,693
"duplessis";0;0,074;0
"drapeau";0,004;0,543;0,001
"consommation";0;0,046;0
"conserver";0,536;0,543;0,855
"chômage";0,001;0,675;0,002
"avis";0,08;0,638;0,043
"arrestation";0;0,311;0
"apple";0,018;0,231;0,002
"accroître";0,007;0,046;0
"abandonner";0,067;0,741;0,044
"werth";0,032;0,259;0,192
"watt";0;0,061;0
"voter";0;0,232;0
"vivant";0,065;0,474;0,022
"unité";0,014;0,05;0,3
"tribunal";0;0,924;0
"succéder";0,042;0,173;0,3
"subir";0,727;0,028;0,064
"slogan";0,795;0,002;0,017
"roger";0,173;0,324;0,519
"revendication";0,107;0,001;0
"responsabilité";0,168;0,055;0,982
"refus";0,991;0,232;0,404
"pédophilie";0,001;0;0
"prêt";0,074;0,478;0,026
"protectionnisme";0;0,074;0
"personnel";0,551;0,685;0,39
"nécessité";0,442;0,173;0,849
"mutation";0;0,21;0
"morceau";0,054;0,163;0,361
"min";0,586;0,512;0,938
"maintenir";0,107;0,311;0,024
"km";0,06;0,313;0,012
"jefferson";0,13;0,09;0,759
"investir";0,362;0,941;0,404
"infrastructure";0,017;0,061;0
"germinal";0;0,067;0,008
"franklin";0,146;0,122;0,013
"financement";0,001;0,005;0,156
"exécution";0;0,055;0
"extension";0,079;0,442;0,025
"espagne";0,442;0,05;0,548
"environnemental";0;0,067;0
"enregistrement";0,028;0,49;0,096
"désir";0,342;0,19;0,982
"droite";0;0,074;0,003
"do";0,001;0,291;0,011
"correspondre";0,003;0,283;0
"contraindre";0,622;0,861;0,548
"conquête";0,007;0,575;0,026
"commandement";0;0,19;0
"citer";0,017;0,527;0,006
"autonomie";0,182;0,05;0,008
"aspect";0,223;0,256;0,049
"antoine";0,001;0,167;0,029
"accompagner";0,29;0,061;0,02
"établissement";0,181;0,478;0,074
"équilibre";0,661;0,067;0,404
"xvie";0,002;0,074;0
"world";0,303;0,966;0,302
"uni";0,074;0,232;0,36
"tournant";0,053;0,21;0,006
"théologien";0;0,074;0
"taille";0;0,055;0
"suprême";0,181;0,001;0
"spectacle";0,044;0,21;0,272
"smith";0;0,061;0
"réunion";0;0,609;0
"réflexion";0,001;0,313;0
"rappeler";0,442;0,085;0,66
"professeur";0,661;0,179;0,176
"port";0,858;0,061;0,143
"phrase";0,033;0,167;0,002
"opposant";0,025;0;0
"officiellement";0,004;0,543;0,001
"occasion";0,07;0,609;0,035
"nam";0;0,067;0
"modéré";0;0,055;0
"kirghize";0,67;0;0
"justifier";0,07;0,055;0,66
"jasmin";0,006;0;0
"interprétation";0,285;0,082;0,025
"interprète";0,023;0,328;0,124
"instaurer";0,07;0,055;0,66
"immédiat";0;0,482;0
"hypothèse";0,005;0,061;0
"gouverner";0,025;0,941;0,026
"from";0,862;0,008;0,096
"forcer";0;0,527;0,001
"fondamental";0,442;0,19;0,099
"faveur";0,002;0,924;0,003
"exploitation";0,002;0,067;0
"exode";0;0,232;0
"espoir";0,342;0,264;0,09
"durable";0,024;0,232;0,003
"diviser";0,044;0,527;0,127
"disparition";0,285;0,082;0,025
"différence";0,449;0,074;0,049
"diffusion";0,551;0,082;0,075
"célèbre";0,603;0,055;0,416
"cuba";0;0,067;0
"coût";0,053;0,21;0,006
"construction";0,005;0,21;0
"comte";0,648;0,11;0,511
"comportement";0,024;0,067;0,001
"complot";0,003;0,034;0
"chambre";0;0,21;0
"cardinal";0,024;0;0,074
"caractéristique";0,004;0,482;0,001
"capitaine";0,038;0,732;0,076
"bois";0,06;0,747;0,04
"be";0,037;0;0,302
"bastille";0;0,685;0
"baser";0,005;0,061;0
"baisser";0,005;0,99;0,006
"avocat";0,174;0;0
"attaque";0;0,924;0,001
"apprendre";0,114;0,527;0,272
"agent";0,375;0,478;0,176
"adoption";0,174;0,232;0,032
"achever";0,847;0,135;0,224
"échelle";0,123;0,082;0,007
"viêt";0;0,074;0,001
"vatican";0,013;0;0,005
"ugtt";0,053;0;0
"tsariste";0;0,061;0,017
"traitement";0,017;0,061;0
"train";0,727;0,685;0,952
"session";0,13;0,512;0,054
"scandale";0,536;0;0,001
"regrouper";0,303;0,747;0,436
"rebelle";0;0,384;0
"préparer";0,014;0,543;0,005
"portant";0,29;0,065;0,807
"physique";0;0,21;0
"personnage";0,017;0,474;0,005
"ouvertement";0;0,99;0
"mythe";0,728;0,167;0,197
"moyenne";0,005;0,527;0,002
"mauvais";0,29;0,527;0,143
"maurice";0,012;0,559;0,004
"large";0,767;0,414;0,784
"individuel";0,174;0,232;0,032
"incident";0;0,527;0
"impôt";0,001;0,313;0,008
"ianoukovitch";0;0;0
"hébert";0;0,11;0
"exiger";0,255;0,527;0,502
"exercer";0,484;0,065;0,051
"espèce";0,002;0,067;0
"emploi";0,017;0,99;0,02
"dépasser";0,053;0,21;0,006
"doi";0,116;0,425;0,038
"complet";0,532;0,628;0,784
"chiner";0,935;0,088;0,209
"chasseur";0,002;0,074;0
"carte";0,002;0,19;0,031
"biao";0;0,11;0
"approcher";0,053;0,21;0,006
"alexander";0,449;0,256;0,129
"adam";0;0,074;0
"abolir";0;0,067;0,026
"énorme";0,953;0,747;0,869
"émerger";0;0,067;0
"écrivain";0,869;0,628;0,862
"zhou";0;0,09;0
"vraiment";0,212;0,638;0,374
"von";0,146;0,122;0,013
"unique";0,181;0,232;0,633
"tradition";0,223;0,074;0,016
"table";0,173;0,49;0,072
"séparation";0,721;0,952;0,697
"séance";0,006;0,347;0,043
"surface";0,004;0,313;0,001
"souverain";0,014;0,869;0,012
"shaoqi";0;0,082;0
"serment";0;0,685;0
"retenir";0,025;0,1;0,001
"pékin";0;0,082;0
"prêtre";0;0,414;0
"prononcer";0;0,283;0,005
"proclamation";0,003;0,869;0,003
"possibilité";0,532;0,256;0,862
"pont";0,847;0,135;0,224
"oeillet";0;0,559;0
"nationaliste";0;0,074;0,003
"musée";0,012;0,384;0,065
"monopole";0,024;0,067;0,001
"minorité";0,001;0,256;0,012
"mineur";0,162;0;0,211
"kirghizistan";0,006;0;0,012
"interpréter";0,346;0,767;0,476
"interne";0,223;0,074;0,016
"interdiction";0,122;0,414;0,039
"intelligence";0,002;0,074;0
"homosexuel";0,08;0,638;0,043
"foyer";0,362;0,067;0,032
"final";0,002;0,474;0,011
"feu";0,645;0;0
"fameux";0,887;0,48;0,532
"ex";0,566;0,19;0,73
"engendrer";0,07;0,941;0,087
"déclencher";0,025;0,941;0,026
"disperser";0,024;0;0
"considérable";0,009;0,628;0,004
"compétence";0,727;0,024;0,058
"communiqué";0,025;0,001;0
"center";0,402;0,088;0,718
"braudel";0,009;0,186;0,001
"big";0,009;0,186;0,001
"bible";0,004;0,09;0
"autrement";0,109;0,384;0,031
"automne";0;0,869;0
"attribuer";0,223;0,142;0,862
"artificiel";0;0,067;0
"africain";0,013;0,11;0,187
"aboutir";0,122;0,869;0,106
"écriture";0,034;0,11;0,002
"échapper";0,362;0,313;0,114
"xiaoping";0;0,09;0
"vente";0,801;0,814;0,934
"tôt";0,044;0,353;0,187
"tâche";0,162;0,09;0,012
"simone";0,001;0;0,012
"rétablir";0;0,082;0
"rejeter";0,195;0,283;0,603
"rang";0,045;0,869;0,039
"prôner";0,804;0,814;0,686
"provincial";0,002;0,135;0,046
"pennsylvanie";0,551;0,11;0,603
"orient";0,013;0,024;0,39
"obliger";0,122;0,628;0,242
"noblesse";0,045;0,074;0,47
"mur";0;0,283;0
"mortalité";0,001;0,09;0
"monarchiste";0;0,074;0
"midi";0,045;0,717;0,028
"mexique";0,362;0,09;0,04
"menchevik";0;0,074;0
"lyon";0,5;0;0
"jiang";0;0,1;0
"introduction";0,094;0,231;0,014
"intermédiaire";0,032;0,628;0,016
"initiative";0,014;0,869;0,012
"iii";0,001;0,1;0,043
"hiver";0,001;0,122;0,029
"historiographie";0,228;0,122;0,914
"fuite";0,277;0;0
"friedrich";0,67;0,09;0,114
"fondement";0,009;0,256;0,001
"fiscal";0,045;0,256;0,242
"finance";0,285;0,024;0,603
"express";0,006;0;0
"explosion";0,093;0,256;0,016
"engrais";0,001;0,082;0
"défaite";0;0,685;0
"dominique";0,09;0;0,071
"dieu";0,67;0,313;0,267
"desmoulins";0,004;0,259;0,044
"danger";0,025;0,685;0,058
"courir";0,566;0,041;0,398
"convenir";0,002;0,414;0,016
"confirmer";0,122;0,414;0,039
"clan";0,003;0;0,001
"cerveau";0,006;0,167;0
"capable";0,285;0,283;0,075
"bond";0;0,082;0,005
"bonaparte";0;0,09;0,002
"bienvenue";0,004;0,372;0,031
"bibliothèque";0,08;0,814;0,123
"avantage";0,013;0,082;0
"autoritaire";0,277;0,034;0,012
"associer";0,804;0,1;0,169
"assassinat";0;0,886;0
"armer";0,003;0,034;0
"appui";0;0,685;0,001
"aider";0,727;0,353;0,327
"adapter";0,001;0,082;0
"adaptation";0,003;0,135;0
"étudier";0,013;0,283;0,002
"époux";0,556;0,074;0,071
"éliminer";0;0,1;0,003
"vérité";0,276;0,384;0,097
"volontaire";0,025;0,082;0,327
"versailles";0;0,11;0,001
"vendre";0,013;0,283;0,002
"varenne";0;0,207;0,002
"trahison";0,007;0,024;0
"tonne";0,002;0,965;0,003
"tomber";0,727;0,794;0,603
"supprimer";0,001;0,313;0,008
"substituer";0,044;0,283;0,007
"spécialisation";0,001;0,09;0
"spontané";0,045;0,083;0,002
"soulever";0,025;0,794;0,018
"science_fiction";0,003;0,135;0
"régner";0,586;0,313;0,869
"rébellion";0,006;0,347;0,043
"romain";0,801;0,347;0,686
"renvoyer";0,902;0,353;0,603
"quartier";0,001;0,717;0
"pur";0,648;0,384;0,876
"promouvoir";0,013;0;0,952
"prince";0;0,082;0,018
"placer";0,195;0,685;0,327
"pib";0,002;0,122;0
"payot";0,196;0,135;0,022
"palais";0,411;0;0
"organisme";0,551;0,794;0,689
"négociation";0,195;0,003;0,001
"mile";0,862;0,49;0,519
"loyaliste";0,002;0,11;0,065
"london";0,116;0;0,356
"locomotive";0,009;0,186;0,001
"live";0,173;0,49;0,072
"lisbonne";0;0,082;0
"ligue";0,012;0,19;0,001
"leader";0,801;0,001;0,012
"latin";0,09;0,15;0,008
"italic";0,628;0,425;0,938
"issn";0,862;0,008;0,096
"invasion";0;0,082;0,001
"indien";0,67;0,09;0,114
"gouvernemental";0,13;0,002;0
"féministe";0,162;0,294;0,524
"fonte";0,003;0,082;0
"fleur";0;0,426;0,001
"expansion";0,551;0,283;0,187
"erreur";0,123;0,11;0,689
"entretenir";0,123;0,794;0,187
"entreprendre";0,801;0,814;0,934
"enlai";0;0,11;0
"encourager";0,953;0,09;0,267
"edward";0,006;0,167;0
"détenu";0,455;0;0,003
"double";0,556;0,15;0,676
"directoire";0;0,11;0
"directeur";0,455;0;0,043
"cuivre";0,7;0,231;0,652
"coton";0,001;0,082;0
"concentration";0,001;0,283;0
"comparer";0,09;0,074;0,676
"chiffre";0,648;0,886;0,73
"cesser";0,123;0,082;0,007
"by";0,116;0,035;0,938
"brumaire";0;0,11;0,019
"bout";0,005;0,426;0,029
"blé";0,001;0,082;0
"avancée";0,018;0,083;0,267
"anne";0,441;0,354;0,912
"agitation";0,013;0,717;0,008
"adversaire";0,001;0,685;0,005
"accélérer";0,58;0,862;0,676
"absolu";0,303;0,09;0,869
"abattre";0;0,313;0
"écarter";0,586;0,016;0,028
"âgé";0,002;0,003;0,354
"virginie";0;0,11;0,001
"victor";0,556;0,862;0,488
"vendée";0;0,122;0
"variété";0,002;0,122;0
"tom";0,277;0,328;0,084
"tchéka";0;0,11;0
"sonore";0,054;0,328;0,011
"scolastique";0,001;0,09;0
"salaire";0,804;0,347;0,374
"régional";0,025;0;0,123
"revendiquer";0,586;0,747;0,759
"ressource";0,212;0,347;0,063
"rejet";0,586;0,313;0,869
"rassembler";0,08;0,638;0,043
"rassemblement";0,362;0;0
"rapprocher";0,953;0,09;0,267
"qing";0;0,122;0
"procédé";0,002;0,122;0
"post";0,457;0,017;0,355
"polémique";0,196;0;0,046
"pointer";0,196;0,952;0,224
"playboy";0,402;0,088;0,718
"planète";0,025;0,347;0,005
"photographie";0,566;0,886;0,511
"perrin";0,586;0,425;0,281
"organisé";0,045;0,19;0,004
"offensive";0;0,11;0
"occupation";0;0,313;0
"nourrir";0,362;0,747;0,267
"napoléon";0,003;0,09;0,085
"mécanisation";0,002;0,11;0
"municipal";0;0,1;0
"moral";0,586;0,09;0,524
"moeurs";0,228;0,426;0,532
"massachusetts";0,003;0,186;0,047
"marshall";0,228;0,426;0,532
"manuel";0,246;0,15;0,891
"man";0,116;0,425;0,038
"maintien";0,045;0,09;0,436
"lourd";0,586;0,313;0,869
"langue";0,137;0,11;0,73
"judiciaire";0,953;0;0,001
"isabelle";0,004;0;0
"insurgé";0;0,11;0
"impossible";0,082;0,122;0,532
"immédiatement";0,013;0,747;0,028
"immense";0,453;0,1;0,686
"imaginer";0,146;0,965;0,149
"hôtel";0;0,09;0
"gens";0,212;0,347;0,063
"frère";0,145;0,952;0,144
"foi";0,246;0,862;0,212
"exploiter";0,001;0,313;0
"essentiel";0,018;0,09;0,001
"efficace";0,162;0,747;0,114
"dialogue";0,034;0,559;0,097
"cueilleur";0,001;0,1;0
"craindre";0,331;0,886;0,398
"continent";0,025;0,1;0,001
"contenu";0,362;0,294;0,869
"commandant";0;0,135;0
"climatique";0,002;0,11;0
"chaîne";0,012;0,145;0,149
"chance";0,082;0,186;0,437
"carbone";0,002;0,11;0
"bourse";0,034;0,384;0,008
"bold";0,364;0,952;0,355
"autopsie";0,192;0,291;0,046
"artisan";0,06;0,09;0,003
"arrivée";0,67;0,747;0,524
"annexe";0,033;0,256;0,197
"alfred";0,047;0,186;0,004
"agriculteur";0,008;0,11;0
"admettre";0,13;0,09;0,759
"accroissement";0,001;0,1;0
"accident";0,847;0,135;0,224
"1re";0,151;0,328;0,47
"émettre";0,847;0,474;0,496
"vitesse";0,006;0,347;0,001
"velours";0;0,587;0,001
"téléphone";0,008;0,886;0,008
"tsar";0;0,886;0
"trabelsi";0,002;0;0,001
"tibet";0;0,886;0
"thème";0,801;0,814;0,934
"tenue";0,453;0,001;0,003
"system";0,006;0,167;0
"sphère";0,065;0,402;0,224
"sino";0;0,11;0
"simplement";0,01;0,135;0,144
"signe";0,804;0,638;0,934
"signature";0,01;0,135;0,144
"sentiment";0,045;0,474;0,144
"secrétaire";0,228;0;0
"samuel";0,005;0,15;0
"renouvellement";0,276;0,11;0,031
"renaissance";0,005;0,15;0
"regard";0,081;0,1;0,005
"rapporter";0,034;0,041;0,511
"progressif";0,081;0,347;0,019
"productif";0,002;0,122;0
"pie";0,967;0,92;0,912
"pesticide";0,002;0,122;0
"penseur";0,001;0,347;0
"pauvre";0,109;0,384;0,031
"observer";0,025;0,1;0,001
"nécessiter";0,006;0,1;0
"métaphysique";0,002;0,122;0
"multiple";0,58;0;0,018
"montagne";0,985;0,15;0,33
"monnaie";0,034;0,11;0,002
"mexicain";0,109;0,11;0,008
"maoïste";0;0,15;0,004
"liban";0,457;0;0
"lewis";0,033;0,167;0,002
"just";0;0,231;0,004
"joindre";0,023;0,834;0,018
"inventeur";0,006;0,1;0
"intégrer";0,081;0,1;0,005
"introduire";0,001;0,814;0,001
"inférieur";0,034;0,11;0,002
"infoboxarticle";0,026;0,259;0,003
"hongrie";0,002;0,135;0,046
"google";0,065;0;0,355
"genève";0,5;0,027;0,029
"féminin";0,146;0,122;0,013
"fixer";0,453;0,1;0,686
"fille";0,01;0,474;0,046
"fidèle";0,804;0,01;0,123
"ficher";0,441;0,259;0,127
"exemplaire";0,212;0,347;0,063
"espérer";0,002;0,384;0,019
"envisager";0,196;0,002;0,355
"engels";0,801;0,1;0,374
"emparer";0;0,1;0,003
"démissionner";0,453;0;0
"dizaine";0,08;0,638;0,043
"dissoudre";0,006;0,06;0
"diplomatique";0,648;0;0,004
"destiner";0,006;0,1;0,123
"degré";0,261;0,15;0,037
"controverse";0,006;0,638;0,019
"contre_révolution";0;0,135;0
"compléter";0,023;0,527;0,008
"complètement";0,457;0,474;0,224
"citation";0,023;0,122;0,253
"causer";0,025;0,06;0,374
"capacité";0,212;0,1;0,019
"calme";0,801;0;0
"brown";0,009;0,186;0,001
"bouazizi";0,002;0;0
"bonheur";0,196;0,135;0,022
"berger";0,001;0,291;0,011
"benjamin";0,5;0,122;0,682
"avance";0,804;0,814;0,686
"audience";0,01;0,135;0,144
"artistique";0,002;0,426;0
"aristote";0,001;0,1;0
"abrogation";0,082;0,122;0,532
"égard";0,364;0,952;0,355
"wang";0,001;0,48;0
"volume";0,907;0,207;0,449
"viii";0,082;0,122;0,532
"urbanisation";0,008;0,11;0
"uniquement";0,887;0,426;0,682
"tulipe";0,09;0;0,001
"tocqueville";0,094;0,819;0,074
"théoricien";0,566;0,11;0,097
"terminer";0,5;0,426;0,914
"suprématie";0,033;0,167;0,002
"suffrage";0;0,426;0
"spécialiser";0,047;0,122;0,003
"soumettre";0,228;0,122;0,914
"sol";0,066;0,207;0,008
"signifier";0,034;0,886;0,031
"savant";0,005;0,15;0
"salle";0,004;0,15;0,071
"retard";0,109;0,11;0,008
"restauration";0,01;0,135;0,144
"relancer";0,082;0,122;0,532
"ratifier";0;0,426;0
"quart";0,357;0,122;0,05
"purger";0,002;0,886;0,004
"précéder";0,228;0,426;0,532
"professionnel";0,648;0,11;0,511
"pro";0,847;0;0
"privilège";0,002;0,11;0,065
"poursuite";0,228;0;0
"parution";0,806;0,01;0,124
"pacte";0;0,11;0,001
"oeil";0,137;0,559;0,065
"notable";0,045;0,384;0,178
"mécontentement";0,023;0,965;0,029
"mère";0,246;0,327;0,071
"minier";0,005;0,01;0,33
"micro";0,156;0,207;0,61
"max";0,033;0,167;0,002
"maoïsme";0;0,135;0,002
"main_d_oeuvre";0,008;0,11;0
"lutter";0,137;0,384;0,398
"kirghizstan";0,124;0;0,001
"jeter";0,331;0,11;0,876
"inviter";0,5;0,48;0,253
"intituler";0,58;0,862;0,676
"ier";0,985;0,527;0,676
"héliocentrisme";0,003;0,135;0
"héliocentrique";0,002;0,11;0
"hostile";0,001;0,48;0
"hebdomadaire";0,261;0;0,018
"géographique";0,047;0,122;0,003
"glorieux";0,021;0,15;0,212
"franc";0,58;0,327;0,891
"foncier";0,276;0,11;0,031
"exportation";0,002;0,384;0
"essayer";0,331;0,559;0,178
"engagement";0,985;0,862;0,891
"décréter";0;0,384;0,001
"découvrir";0,806;0,587;0,893
"dominant";0,276;0,11;0,031
"dollar";0,008;0;0,398
"digital";0,009;0,186;0,001
"céder";0,331;0,384;0,73
"couple";0,006;0,587;0,002
"cosmologique";0,003;0,135;0
"correspondant";0,171;0,186;0,025
"contre_révolutionnaire";0;0,426;0
"connecter";0,006;0,167;0
"confier";0;0,559;0
"chimique";0,047;0,122;0,003
"chasse";0,171;0,186;0,025
"brûler";0,887;0,003;0,029
"belgique";0,556;0,862;0,488
"baptiste";0,171;0,186;0,025
"bakiev";0,556;0;0,001
"autriche";0;0,122;0,007
"automobile";0,003;0,474;0,001
"attacher";0,109;0,11;0,008
"assister";0,953;0,384;0,511
"aspiration";0,002;0,384;0,019
"argent";0,045;0,384;0,178
"appareil";0,953;0,11;0,247
"annie";0,316;0,088;0,031
"analyser";0,008;0,11;0
"amérindien";0,806;0,167;0,476
"alternative";0,047;0,145;0,354
"alexis";0,192;0,254;0,63
"aimer";0,146;0;0,253
"administratif";0,648;0,384;0,876
"étienne";0,171;0,191;0,666
"érotique";0,017;0,474;0,005
"youtube";0,079;0;0,031
"xavier";0,094;0,231;0,014
"we";0,628;0,512;0,356
"voisin";0,357;0,145;0,914
"viol";0,082;0,027;0,001
"vigueur";0,887;0,145;0,253
"témoignage";0,985;0,862;0,891
"théâtre";0,001;0,122;0,029
"terrain";0,357;0,48;0,682
"tchécoslovaquie";0;0,474;0
"surveillance";0,721;0,017;0,046
"supporter";0,042;0,167;0,307
"stable";0,357;0,426;0,149
"spécifique";0,357;0,122;0,05
"similaire";0,697;0,48;0,914
"say";0,054;0,328;0,011
"révélation";0,146;0,027;0,914
"réponse";0,151;0,767;0,11
"réfractaire";0,021;0,15;0,212
"réception";0,196;0,952;0,224
"rumeur";0,887;0;0,001
"roser";0;0,167;0,001
"robot";0,013;0,207;0,001
"remise";0,228;0,48;0,097
"recours";0,5;0,122;0,682
"recommandation";0,066;0,207;0,008
"rare";0,047;0,48;0,149
"préférer";0,023;0,426;0,097
"propager";0;0,952;0
"producteur";0,277;0,328;0,084
"poids";0,887;0,122;0,354
"paysannerie";0,082;0,122;0,532
"party";0;0,207;0,002
"paléolithique";0,009;0,186;0,001
"négatif";0,146;0,965;0,149
"nationalisation";0,045;0,135;0,355
"natalité";0,005;0,15;0
"métropole";0,5;0,426;0,914
"monétaire";0,005;0,15;0
"modernité";0,065;0,135;0,005
"marchandise";0,012;0,426;0,003
"mandraud";0,002;0;0
"lévy";0,862;0,49;0,519
"légal";0,196;0,002;0,355
"logique";0,261;0,862;0,33
"litovsk";0;0,135;0,011
"lesage";0,004;0,15;0,071
"laurent";0,033;0,767;0,062
"lady";0,862;0,49;0,519
"kasbah";0,065;0;0
"k";0,599;0,291;0,216
"jusque_là";0,357;0,145;0,914
"ioulia";0,002;0;0
"instrument";0,985;0,527;0,676
"inquiétude";0,065;0,952;0,08
"info";0,005;0;0,004
"influencer";0,697;0,426;0,354
"inconnu";0,156;0,207;0,61
"human";0,079;0,372;0,02
"hausse";0,196;0,474;0,08
"gros";0,003;0,135;0
"gille";0,003;0;0,144
"gaz";0,146;0,48;0,354
"gafsa";0,002;0;0
"fête";0,001;0,587;0,006
"féodal";0,887;0,122;0,354
"fuir";0,847;0,002;0,046
"ford";0,006;0,167;0
"fonctionnaire";0,228;0,48;0,097
"fil";0,09;0,15;0,008
"facebook";0,002;0;0,532
"entièrement";0,721;0,952;0,697
"enlever";0,047;0,655;0,025
"démocrate";0,5;0;0
"délégué";0;0,122;0,001
"définitivement";0,697;0,965;0,682
"doute";0,5;0,426;0,914
"dos";0;0,167;0,001
"description";0,054;0,328;0,011
"dangereux";0,021;0,15;0,212
"couper";0,005;0,426;0,029
"contribution";0,4;0,005;0,006
"contradiction";0,457;0,474;0,224
"confronter";0,887;0,426;0,682
"condamnation";0,5;0,965;0,532
"concentrer";0,146;0,122;0,013
"cohn";0,012;0;0
"coeur";0,047;0,145;0,354
"choix";0,047;0,965;0,05
"chimie";0,005;0,15;0
"chen";0;0,167;0,001
"castro";0;0,167;0,001
"cahier";0,032;0,92;0,044
"brest";0;0,135;0,011
"bendit";0,012;0;0
"autonome";0,145;0,135;0,697
"auguste";0,013;0,207;0,001
"attentat";0,004;0,327;0,001
"astronomie";0,006;0,167;0
"antiquité";0,066;0,564;0,165
"anonyme";0,171;0,655;0,101
"amériques";0,116;0,425;0,038
"amélioration";0,196;0,135;0,022
"air";0,364;0,135;0,884
"ahmed";0,005;0;0,001
"accentuer";0,151;0,167;0,658
"4e";0,7;0,231;0,652
"évènement";0,145;0,017;0,002
"écran";0,009;0,186;0,001
"ébranler";0,171;0,186;0,025
"virtuel";0,003;0,135;0
"ultra";0,001;0,15;0,018
"télécommunication";0,005;0,15;0
"transporter";0,003;0,135;0
"totalement";0,847;0,135;0,224
"thermidor";0;0,186;0,001
"take";0,028;0,49;0,096
"séparer";0,002;0,135;0,046
"syrien";0,156;0,016;0,002
"syndical";0,261;0;0,004
"suspendre";0,265;0,029;0,01
"stratégie";0,728;0,587;0,476
"stone";0,151;0,834;0,124
"statut";0,556;0,527;0,891
"star";0,493;0,259;0,912
"standard";0,013;0,001;0,902
"spécial";0,145;0,474;0,355
"song";0;0,259;0,006
"sauver";0,083;0,15;0,488
"réhabiliter";0,806;0,767;0,658
"régiment";0;0,135;0
"ré";0,13;0,425;0,356
"rompre";0,01;0,952;0,011
"rentrer";0,021;0,15;0,212
"renoncer";0,045;0,474;0,144
"remporter";0,001;0,767;0,001
"radicalement";0,017;0,135;0,001
"puissant";0,556;0,862;0,488
"précisément";0,003;0,474;0,001
"proximité";0,065;0,402;0,224
"procéder";0,021;0,15;0,212
"portrait";0,083;0,862;0,071
"pied";0,847;0,135;0,224
"perfectionner";0,005;0,15;0
"participation";0,907;0,001;0,016
"pain";0,806;0,048;0,11
"oublier";0,082;0,655;0,167
"orientation";0,721;0,135;0,496
"ordonner";0,01;0,474;0,046
"nantes";0,09;0,862;0,126
"médecin";0,196;0;0,046
"modernisation";0,196;0,135;0,022
"mer";0,196;0,135;0,022
"menacer";0,002;0,135;0,046
"matin";0,985;0;0,001
"mathématique";0,003;0,135;0
"marxiste_léniniste";0,01;0,291;0,074
"marat";0;0,167;0,001
"mandat";0,58;0;0,004
"majoritairement";0,847;0,106;0,355
"machinisme";0,003;0,135;0
"législation";0,005;0,15;0
"luc";0,032;0,259;0,192
"kiev";0,171;0;0,001
"kerensky";0;0,135;0
"jésuite";0,346;0,167;0,062
"jules";0,323;0,231;0,074
"iv";0,156;0,207;0,61
"instruction";0,145;0,402;0,046
"instance";0,196;0,017;0,697
"incapable";0,364;0,106;0,046
"hébertistes";0;0,15;0,001
"hill";0,004;0,527;0,018
"heurter";0,265;0,655;0,437
"génie";0,054;0,328;0,011
"grossesse";0,196;0,474;0,08
"grec";0,457;0,135;0,08
"graine";0,005;0,15;0
"genèse";0,907;0,207;0,449
"fiction";0,047;0,186;0,004
"fayette";0;0,186;0,001
"faux";0,261;0,862;0,33
"faim";0,847;0,474;0,496
"exposer";0,017;0,135;0,001
"esclavage";0,151;0,167;0,658
"enragé";0;0,167;0,006
"dégager";0,017;0;0,697
"définitif";0,847;0,474;0,496
"déclin";0,124;0,167;0,014
"déboucher";0,721;0,135;0,496
"dysfonctionnement";0,023;0,001;0,891
"dynamique";0,236;0,207;0,043
"drainage";0,013;0,207;0,001
"discussion";0,065;0;0,144
"cycle";0,018;0,819;0,014
"culte";0,01;0,474;0,046
"cri";0,07;0,291;0,302
"courrier";0,09;0,01;0,891
"corn";0,006;0,167;0
"consulat";0,007;0,207;0,076
"considérablement";0,899;0,191;0,437
"compagnon";0,004;0,259;0,044
"combustion";0,006;0,167;0
"circuler";0,457;0,952;0,496
"cinquième";0,009;0,256;0,001
"cf";0,763;0,007;0,121
"canon";0;0,167;0,006
"calendrier";0;0,655;0,001
"bulletin";0,145;0,017;0,002
"benoit";0,261;0;0,001
"beau";0,033;0,048;0,476
"avenir";0,58;0,15;0,126
"av";0,006;0,587;0,002
"auto";0,284;0,087;0,026
"astronomique";0,017;0,135;0,001
"astronome";0,023;0,15;0,001
"assolement";0,009;0,186;0,001
"associé";0,005;0,15;0
"argument";0,171;0,186;0,025
"agence";0,09;0;0,001
"activiste";0,265;0,002;0,001
"évidence";0,005;0,527;0,001
"éventuel";0,441;0;0,044
"étatique";0,033;0,587;0,014
"élevage";0,009;0,186;0,001
"électeur";0;0,15;0,004
"élaboré";0,58;0,527;0,33
"éditer";0,094;0,231;0,014
"écraser";0,083;0,15;0,488
"écho";0,236;0,016;0,61
"zine";0,006;0;0,001
"yves";0,402;0,684;0,593
"venise";0,005;0,074;0,126
"sécession";0,323;0,231;0,074
"suppression";0,001;0,167;0,029
"supplémentaire";0,862;0,49;0,519
"suffire";0,09;0,327;0,33
"stratégique";0;0,587;0,001
"spécialiste";0,033;0,587;0,014
"spectaculaire";0,023;0,15;0,001
"souveraineté";0,004;0,527;0,018
"sommet";0,001;0,15;0,018
"society";0,038;0,135;0,002
"silence";0,346;0;0,006
"serge";0,316;0,372;0,718
"saisir";0,236;0,564;0,449
"résumer";0,58;0,862;0,676
"résoudre";0,985;0,862;0,891
"récupérer";0,907;0,564;0,61
"récolte";0,246;0,15;0,891
"rivière";0,171;0,668;0,301
"rivalité";0,4;0,587;0,658
"remplacement";0,556;0,527;0,891
"remonter";0,023;0,527;0,008
"record";0,402;0,684;0,593
"pétition";0;0,15;0,004
"pt";0;0,587;0,001
"précurseur";0,033;0,167;0,002
"prusse";0,246;0,15;0,891
"proto";0,005;0,15;0
"payer";0,124;0,587;0,062
"parallèle";0,728;0,587;0,476
"oriental";0,621;0,186;0,666
"organe";0,021;0,074;0,001
"opposé";0,985;0,15;0,33
"office";0,556;0,527;0,891
"observation";0,124;0,167;0,014
"notice";0,552;0,328;0,924
"normal";0,066;0,135;0,449
"navire";0,455;0,186;0,101
"mlf";0,09;0;0,001
"massivement";0,083;0,527;0,212
"maréchal";0;0,167;0,001
"maritime";0,047;0,186;0,004
"lefebvre";0,173;0,49;0,072
"lecture";0,236;0,732;0,165
"kripke";0,862;0,49;0,519
"king";0;0,259;0,006
"jugement";0,001;0,527;0,004
"institute";0,037;0;0,074
"instituer";0,083;0,15;0,488
"insister";0,907;0,732;0,902
"informer";0,124;0,767;0,197
"industrialisé";0,09;0,15;0,008
"impérial";0,007;0,207;0,076
"identique";0,033;0,167;0,002
"identifier";0,346;0,587;0,197
"hésiter";0,021;0,15;0,212
"hégémonie";0,09;0,15;0,008
"hiérarchie";0,4;0,587;0,658
"générer";0,005;0,527;0,001
"généralisé";0,346;0,167;0,062
"grain";0,156;0,207;0,61
"gestion";0,346;0,256;0,893
"forger";0,58;0,15;0,126
"fonds";0,58;0,001;0,071
"flux";0,018;0,231;0,002
"facilement";0,005;0,15;0
"expédition";0,003;0,186;0,047
"entamer";0,246;0,862;0,212
"enfuir";0,004;0,862;0,004
"empereur";0,007;0,207;0,076
"economic";0,037;0,291;0,006
"déterminer";0,58;0,527;0,33
"dossier";0,047;0,191;0,301
"domicile";0,261;0,15;0,037
"dispositif";0,083;0,527;0,212
"dette";0,806;0,256;0,307
"destination";0,284;0,459;0,121
"cultiver";0,023;0,15;0,001
"crime";0,265;0,191;0,047
"crainte";0,985;0,15;0,33
"couverture";0,033;0;0,658
"contrairement";0,455;0,191;0,863
"contrainte";0,09;0,15;0,008
"conclure";0,236;0,732;0,165
"commenter";0,038;0,207;0,253
"colonisation";0,455;0,186;0,101
"clore";0,907;0,564;0,61
"christophe";0,047;0,029;0,666
"charlie";0,028;0,49;0,096
"chapitre";0,018;0,007;0,652
"chaos";0,763;0;0,026
"caron";0,054;0,328;0,011
"cannibalisme";0,003;0,186;0,047
"camille";0,13;0,512;0,054
"bruxelles";0,261;0,862;0,33
"blaiser";0,013;0,207;0,001
"bientôt";0,261;0,527;0,126
"aéroport";0;0,167;0,001
"avorter";0,09;0;0,001
"avancé";0,728;0,167;0,197
"attitude";0,047;0,191;0,301
"assurance";0,443;0,207;0,902
"amendement";0,4;0;0,001
"affiche";0,042;0,256;0,006
"affecter";0,261;0,862;0,33
"acts";0,082;0,186;0,437
"accumulation";0,009;0,655;0,004
"académie";0,013;0,564;0,043
"abidine";0,006;0;0,001
"évêque";0,728;0;0,001
"élève";0,156;0,135;0,016
"élever";0,124;0,256;0,476
"égypte";0,124;0;0,307
"écossais";0,006;0,167;0
"zh";0,116;0;0,054
"voyage";0,443;0,732;0,61
"violemment";0,151;0,048;0,006
"vertu";0,009;0,587;0,029
"veille";0,265;0,668;0,167
"vallée";0,047;0,186;0,004
"urgence";0,001;0,767;0,001
"tunisia";0,018;0;0,004
"time";0,116;0;0,054
"territorial";0,001;0,207;0,016
"temple";0,004;0,259;0,044
"tchèque";0,003;0,186;0,047
"suspect";0;0,655;0,001
"stimuler";0,006;0,167;0
"stephenson";0,006;0,167;0
"souffrir";0,151;0,167;0,658
"sociologue";0,006;0,167;0
"situationniste";0,082;0,186;0,437
"shanghai";0;0,231;0,004
"scolaire";0,151;0,256;0,029
"schumpeter";0,026;0,259;0,003
"réédition";0,173;0,49;0,072
"résumé";0,728;0,256;0,658
"résulter";0,006;0,167;0
"rédaction";0,094;0,231;0,014
"récurrent";0,552;0,328;0,924
"récent";0,047;0,191;0,301
"roland";0,011;0,425;0,054
"reuters";0,013;0;0,002
"retourner";0,621;0,668;0,437
"renforcement";0,001;0,587;0,006
"reconnaissance";0,728;0,256;0,658
"rationalisation";0,013;0,207;0,001
"pénétrer";0,151;0,587;0,307
"publicité";0,006;0,587;0,002
"prétendre";0,346;0,587;0,197
"précipiter";0;0,186;0,001
"protester";0,455;0;0,01
"prolétarien";0,003;0,186;0,047
"prolétaire";0,033;0,167;0,002
"procédure";0,806;0;0,006
"positif";0,033;0,167;0,002
"plaindre";0,151;0,005;0,001
"permanent";0,009;0,167;0,11
"perfectionnement";0,006;0,167;0
"people";0,13;0,512;0,054
"passager";0,047;0,668;0,101
"parallèlement";0,728;0,167;0,197
"newcomen";0,006;0,167;0
"neuf";0,018;0,186;0,167
"médical";0,265;0,655;0,437
"morale";0,4;0,167;0,893
"militantisme";0,094;0;0,004
"mhistoire";0,8;0,254;0,302
"masculin";0,728;0,167;0,197
"marin";0,038;0,207;0,253
"luxemburg";0;0,207;0,002
"littéraire";0,728;0,048;0,307
"limité";0,621;0,655;0,863
"laws";0,006;0,167;0
"koutchma";0,006;0;0,001
"juif";0;0,186;0,01
"jenny";0,006;0,167;0
"jazeera";0,013;0;0,002
"jacob";0,116;0,512;0,281
"isaac";0,094;0,231;0,014
"intéresser";0,033;0,167;0,002
"institutionnel";0,033;0,167;0,002
"infini";0,763;0,231;0,263
"industrialiser";0,006;0,167;0
"indulgent";0,002;0,819;0,004
"imprimerie";0,124;0,167;0,014
"immoler";0,013;0;0,002
"ignorer";0,007;0,207;0,076
"géopolitique";0,599;0,254;0,783
"guère";0,4;0,167;0,893
"guillaume";0,054;0,372;0,209
"global";0,728;0,767;0,893
"gisèle";0,009;0;0,01
"fusiller";0;0,167;0,001
"frapper";0,018;0,186;0,167
"fossile";0,006;0,167;0
"fertile";0,009;0,186;0,001
"fernand";0,018;0,231;0,002
"exclusivement";0,763;0,231;0,263
"esclave";0,593;0,207;0,165
"emporter";0,01;0,291;0,074
"effondrement";0,009;0,167;0,11
"ecclésiastique";0,728;0,167;0,197
"détroit";0;0,207;0,002
"désordre";0,4;0,048;0,029
"désirer";0,157;0,259;0,55
"dépression";0,4;0,167;0,893
"démographie";0,006;0,167;0
"déchu";0,346;0;0,001
"douane";0,621;0,186;0,666
"domestique";0,047;0,186;0,004
"disposition";0,346;0;0,006
"discuter";0,4;0,587;0,658
"dictateur";0,621;0,002;0,01
"darby";0,026;0,259;0,003
"crédit";0,763;0,819;0,652
"croître";0,033;0,587;0,014
"cordelier";0;0,259;0,006
"convergence";0,124;0,167;0,014
"convaincre";0,4;0,167;0,893
"contraint";0,346;0,167;0,062
"constater";0,042;0,167;0,307
"consister";0,124;0,587;0,062
"conseiller";0,009;0,767;0,006
"confisquer";0,4;0,256;0,11
"conduite";0,079;0,231;0,376
"combattre";0,018;0,655;0,047
"coke";0,013;0,207;0,001
"civique";0,009;0,167;0,11
"chicago";0,134;0,003;0,55
"cheval";0,013;0,207;0,001
"chercheur";0,728;0,587;0,476
"californie";0,763;0,459;0,828
"bruno";0,323;0,459;0,652
"brian";0,054;0;0,47
"bourguiba";0,033;0;0,001
"bouleverser";0,033;0,167;0,002
"bordeaux";0,443;0,732;0,61
"bill";0,599;0,254;0,783
"benoît";0,033;0,048;0,476
"beauvoir";0,006;0;0,029
"bassin";0,006;0,048;0,197
"avancer";0,124;0,587;0,062
"assignat";0,907;0,207;0,449
"arendt";0,116;0,425;0,038
"apport";0,006;0,167;0
"ambassadeur";0,124;0;0,001
"alimentation";0,124;0,167;0,014
"aggraver";0,003;0,186;0,047
"adulte";0,066;0,207;0,008
"adresse";0,151;0,328;0,47
"acheter";0,006;0,167;0
"accéder";0,4;0,587;0,658
"accueil";0,935;0,003;0,031
"aborder";0,009;0,668;0,025
"abondant";0,006;0,167;0
"île";0,899;0,668;0,863
"évacuer";0,082;0,655;0,167
"équipe";0,323;0,087;0,828
"épidémie";0,455;0,655;0,301
"émigré";0;0,186;0,001
"éditeur";0,01;0,966;0,011
"voltaire";0,047;0,186;0,004
"varsovie";0;0,186;0,001
"vaincre";0;0,186;0,01
"tymochenko";0,009;0;0,001
"tuilerie";0,003;0,186;0,047
"trotsky";0,001;0,291;0,011
"transmettre";0,009;0,655;0,004
"trace";0,593;0,207;0,165
"tisser";0,009;0,186;0,001
"théorique";0,236;0,207;0,043
"thompson";0,054;0,328;0,011
"texas";0,586;0,425;0,281
"temporaire";0,171;0,655;0,101
"taxe";0,899;0,186;0,301
"sûr";0,316;0,372;0,718
"sédentaire";0,009;0,186;0,001
"synthèse";0,493;0,259;0,912
"survenir";0,899;0,186;0,301
"suggérer";0,455;0,186;0,101
"suffisamment";0,236;0,732;0,165
"successif";0,265;0,668;0,167
"statistique";0,323;0,819;0,263
"stamp";0;0,259;0,006
"square";0,001;0,291;0,011
"soirée";0,134;0;0,192
"singularité";0,009;0,186;0,001
"significatif";0,265;0,186;0,863
"sauvage";0,066;0,732;0,043
"résolution";0;0,186;0,001
"réserver";0,047;0,655;0,025
"régulation";0,171;0,186;0,025
"régler";0,018;0,655;0,047
"rostow";0,009;0,186;0,001
"ronald";0,303;0,966;0,302
"rockefeller";0,013;0,207;0,001
"respecter";0,156;0,732;0,253
"reposer";0,455;0,186;0,101
"recul";0,047;0,186;0,004
"reconstruction";0,018;0,655;0,047
"rail";0,009;0,186;0,001
"quête";0,094;0,231;0,014
"pénal";0,032;0,354;0,006
"prêter";0,018;0,668;0,01
"préfigurer";0,171;0,186;0,025
"proprement";0,013;0,732;0,008
"proposition";0,001;0,732;0,002
"portée";0,621;0,655;0,863
"pornographique";0,763;0,231;0,263
"polonais";0,156;0,732;0,253
"pologne";0;0,207;0,002
"pogrom";0;0,186;0,01
"planétaire";0,009;0,186;0,001
"planning";0,7;0,819;0,828
"plaisir";0,134;0,92;0,127
"photo";0,236;0,564;0,449
"peupler";0,899;0,186;0,301
"peter";0,552;0,328;0,924
"peinture";0,171;0,186;0,025
"passif";0,443;0,207;0,902
"palmer";0,037;0,291;0,006
"ong";0,066;0;0,016
"obligatoire";0,621;0,186;0,666
"neutre";0,455;0,668;0,666
"nettement";0,967;0,259;0,413
"mêler";0,157;0,259;0,55
"mongolie";0;0,186;0,001
"modification";0,593;0,732;0,449
"modern";0,628;0,512;0,356
"mentalité";0,009;0,655;0,004
"maximum";0,443;0,732;0,61
"marine";0,7;0,819;0,828
"maoïstes";0,001;0,732;0,002
"malia";0,552;0,328;0,924
"liaison";0,047;0,668;0,101
"lester";0,013;0,207;0,001
"kronstadt";0;0,207;0,002
"kornilov";0;0,231;0,004
"kepler";0,013;0,207;0,001
"jouir";0,443;0,207;0,902
"jack";0,037;0,291;0,006
"inédit";0,066;0,207;0,008
"interdit";0,265;0,186;0,863
"inquiéter";0,171;0,186;0,025
"initialement";0,907;0,564;0,61
"inflation";0,009;0,186;0,001
"inclure";0,236;0,207;0,043
"impérialisme";0,018;0,186;0,167
"impulsion";0,157;0,259;0,55
"hôpital";0,038;0,564;0,016
"héritage";0;0,207;0,002
"house";0,134;0;0,006
"hall";0,156;0,207;0,61
"halimi";0,009;0;0,01
"générateur";0,018;0,231;0,002
"généraliser";0,009;0,186;0,001
"godbout";0;0,186;0,01
"garantir";0,171;0,186;0,025
"fédéralistes";0;0,186;0,001
"frederick";0,171;0,186;0,025
"fixe";0,621;0,186;0,666
"faciliter";0,047;0,186;0,004
"extrêmement";0,455;0,186;0,101
"exposition";0,134;0,259;0,025
"euro";0,236;0,001;0,253
"entretien";0,094;0,459;0,263
"emprisonner";0,003;0,655;0,01
"efficacité";0,009;0,186;0,001
"détail";0,192;0,025;0,783
"dépendre";0,593;0,207;0,165
"déchristianisation";0;0,259;0,006
"dur";0,907;0;0,002
"domenach";0,157;0,92;0,192
"documentaire";0,079;0;0,031
"diplomatie";0,621;0,029;0,047
"demeurer";0,171;0,655;0,101
"cèdre";0,441;0;0,006
"cylindre";0,018;0,231;0,002
"cyber";0,013;0;0,002
"cubain";0;0,207;0,002
"crucial";0,009;0,655;0,004
"couche";0,265;0,186;0,863
"copie";0,026;0,259;0,003
"contre_culture";0,082;0,186;0,437
"conscient";0,455;0,668;0,666
"confort";0,009;0,186;0,001
"composant";0,009;0,668;0,025
"comparaison";0,967;0,92;0,912
"commissaire";0;0,186;0,001
"classique";0,037;0,254;0,216
"clairement";0,066;0,564;0,165
"ciel";0,066;0,207;0,008
"catherine";0,026;0,003;0,912
"caravane";0,018;0;0,026
"caetano";0;0,186;0,001
"briser";0,7;0,231;0,652
"book";0,628;0,425;0,938
"bloquer";0,171;0;0,047
"biais";0,455;0,668;0,666
"belge";0,066;0,207;0,008
"baron";0,455;0,186;0,101
"aussitôt";0,455;0,191;0,863
"au_delà";0,265;0,655;0,437
"assumer";0,082;0,186;0,437
"assassiner";0;0,186;0,001
"antérieur";0,047;0,655;0,025
"anniversaire";0,018;0,668;0,01
"aménagement";0,018;0,819;0,014
"amorcer";0,171;0,186;0,025
"alliance";0;0,186;0,001
"akaïev";0,047;0;0,001
"actuellement";0,907;0,564;0,61
"accusation";0,018;0,191;0,001
"accessible";0,171;0,655;0,101
"abraham";0,054;0,328;0,011
"étroit";0,236;0,732;0,165
"*titre_Revolution-X";0,157;0,259;0,55
"*titre_Revolution-tunisienne-de-2010-2011";0;0;0
"*titre_Revolution-(film,-2009)";0,862;0,49;0,519
"*titre_Revolution-scientifique";0;0,067;0
"*titre_Revolution-orange";0;0;0
"*titre_Revolution-kirghize-de-2010";0,197;0;0
"*titre_Revolution-(film,-1985)";0,116;0,425;0,038
"*titre_Revolution-industrielle";0;0;0
"*titre_Revolution-française-de-1848";0;0,011;0
"*titre_Revolution-tranquille";0;0,003;0
"*titre_Revolution-909";0,732;0,573;0,956
"!";0,045;0,952;0,046
"*titre_Revolution-(revue-de-Jacques-Vergès)";0,038;0,564;0,016
"*titre_Revolution-copernicienne";0;0;0
"*titre_Revolution-americaine";0;0;0
"*titre_Revolution-sexuelle";0;0;0,497
"*titre_Revolution-du-Cèdre";0,083;0,327;0,018
"*titre_Revolution-russe";0;0;0
"*titre_Revolutions-de-couleur";0,129;0;0
"*titre_Revolution-française";0;0;0
"*titre_Revolution-(catch)";0,357;0;0,097
"*titre_Revolution-sociale";0,915;0,459;0,684
"*titre_Revolution-(chanson)";0,007;0,21;0,076
"*titre_Revolutions-(roman)";0,599;0,291;0,216
"*titre_Revolution-de-velours";0;0,92;0
"*titre_Revolution-des-illets";0;0,001;0
"*titre_Revolution-neolithique";0;0;0
"*titre_Revolution-(Ève-Angeli)";1;1;1
"*titre_Revolution-numerique";0;0;0
"*titre_Revolution-(politique-et-sociale)";0,751;0;0
"*titre_Revolution-(serie-televisee)";0;0,207;0,002
"*titre_Revolution-(album-de-Sirsy)";1;1;1
"*titre_Revolution-verte";0;0;0
"*titre_Revolutions-(album)";0,079;0,372;0,02
"*titre_Revolution-culturelle";0;0;0
"*titre_Revolution-9";0,116;0,512;0,281
"*titre_Revolution-des-Roses";0,58;0;0,018
"*titre_Revolution-des-Tulipes";0,226;0;0
"*titre_Revolution-(Pleasure-Beach,-Blackpool)";0,323;0,231;0,074
"*titre_Revolution-(hebdomadaire)";0,8;0,966;0,783
"*titre_Revolution";0,045;0,952;0,046
"*titre_Revolutionnaire-(homonymie)";0,002;0,328;0,018
"*titre_Revolution-(essai)";0,002;0;0,267
"*titre_Revolution-agricole";0;0,001;0
